"","x"
"1","NU000215"
"2","UT002355"
"3","EA280802"
"4","KO002399"
"5","JP000591"
"6","TY000179"
"7","JP001677"
"8","JP006290"
"9","JP004460"
"10","JP009113"
"11","AU214303"
"12","EA008410"
"13","JP002379"
"14","JP008399"
"15","JP006866"
"16","FIO00073"
"17","JP004010"
"18","SM812301"
"19","BML01675"
"20","EA019013"
"21","UT002855"
"22","JP009129"
"23","KNA00122"
"24","EA278307"
"25","JP001623"
"26","AU115105"
"27","JP009774"
"28","JP007135"
"29","EQ027807"
"30","AU207903"
"31","BML01037"
"32","UT003148"
"33","CO000485"
"34","JP007480"
"35","JP004495"
"36","JP006082"
"37","UF402701"
"38","JP010889"
"39","KO002324"
"40","JP005137"
"41","EQ361106"
"42","UT002202"
"43","PR100606"
"44","JP008643"
"45","EA294007"
"46","PR010182"
"47","BML80311"
"48","JP007456"
"49","JP011902"
"50","PR100052"
"51","UT002169"
"52","JP005155"
"53","JP011743"
"54","BML81306"
"55","JP009123"
"56","BML01605"
"57","JP007512"
"58","JP005614"
"59","EQ363505"
"60","JP001086"
"61","JP008230"
"62","JP002234"
"63","PR040218"
"64","GLS00086"
"65","JP000179"
"66","EA066511"
"67","EA013203"
"68","UT002318"
"69","EA278312"
"70","JP009876"
"71","SM800553"
"72","CE000623"
"73","EA278202"
"74","JP000242"
"75","AU158005"
"76","NU000523"
"77","PR101019"
"78","KO001910"
"79","FFF00404"
"80","JP005587"
"81","KO003794"
"82","JP008844"
"83","BML01483"
"84","JP007748"
"85","JP011378"
"86","CO000288"
"87","JP004625"
"88","EQ357151"
"89","BML00326"
"90","FIO00102"
"91","SM884202"
"92","EA030009"
"93","JP010417"
"94","JP006983"
"95","PR100408"
"96","EA020511"
"97","KO003402"
"98","PR100401"
"99","JP010186"
"100","KO009038"
"101","FIO00337"
"102","JP003601"
"103","UT002349"
"104","PR040089"
"105","KO008922"
"106","EA019105"
"107","EQ369352"
"108","EA256105"
"109","EA282404"
"110","PR100583"
"111","JP001986"
"112","CE000528"
"113","KO002060"
"114","KO000135"
"115","JP012072"
"116","NU000469"
"117","UT002226"
"118","EA066361"
"119","UF403802"
"120","AU102904"
"121","ML005601"
"122","JP011239"
"123","EA010709"
"124","EA273907"
"125","JP000965"
"126","JP011758"
"127","KO000959"
"128","KO001984"
"129","JP006799"
"130","AU201301"
"131","KO004244"
"132","EQ363803"
"133","EQ306304"
"134","JP009560"
"135","EA271360"
"136","JP011517"
"137","EA067107"
"138","EA023906"
"139","JP000470"
"140","FIO00317"
"141","JP009965"
"142","JP008785"
"143","JP008185"
"144","JP000217"
"145","JP000453"
"146","JP012327"
"147","KO002588"
"148","EQ333705"
"149","KZ000245"
"150","JP006911"
"151","AU223003"
"152","JP002137"
"153","AU112703"
"154","EA008807"
"155","JP007451"
"156","UT002421"
"157","JP003175"
"158","UT002325"
"159","EA033607"
"160","AU400153"
"161","EA030607"
"162","EA014807"
"163","UT000529"
"164","JP009390"
"165","BML81275"
"166","JP006795"
"167","EA015606"
"168","EQ361908"
"169","JP007593"
"170","EA066408"
"171","BML00944"
"172","JP010296"
"173","EA285164"
"174","EQ366357"
"175","KZ000080"
"176","JP010874"
"177","JP002905"
"178","EQ310602"
"179","UF405104"
"180","KO000940"
"181","JP000725"
"182","EQ330705"
"183","JP003255"
"184","CE000269"
"185","AU111254"
"186","JP000891"
"187","JP000513"
"188","SM851803"
"189","KO000100"
"190","EQ327305"
"191","EA294710"
"192","EQ328404"
"193","EQ309906"
"194","PR100538"
"195","EQ357153"
"196","EQ366605"
"197","JP001260"
"198","JP009566"
"199","KO002084"
"200","FIO00274"
"201","EA019704"
"202","EQ358305"
"203","KO009164"
"204","EA013652"
"205","EA012810"
"206","JP010990"
"207","EA258309"
"208","EQ371156"
"209","EA295305"
"210","EA275651"
"211","EA275903"
"212","EA018557"
"213","EA295312"
"214","EQ366904"
"215","NU000329"
"216","EA032854"
"217","EQ279154"
"218","EA018905"
"219","JP006340"
"220","BML00124"
"221","UT002868"
"222","JP002762"
"223","CE000577"
"224","EQ313501"
"225","JP003724"
"226","FFF00120"
"227","KNA00316"
"228","KO009110"
"229","JP009950"
"230","TUE00822"
"231","EQ368656"
"232","JP009535"
"233","JP007254"
"234","KO000650"
"235","UT003029"
"236","JP004662"
"237","EQ320606"
"238","JP001531"
"239","AU380002"
"240","JP005773"
"241","EQ357851"
"242","UT001127"
"243","CE000159"
"244","JP010928"
"245","JP010385"
"246","CA000012"
"247","AU214855"
"248","JP004226"
"249","UT001424"
"250","MSJ00040"
"251","EA293155"
"252","AU214854"
"253","EA005857"
"254","JP010637"
"255","EA277253"
"256","KO002635"
"257","JP009351"
"258","EA275912"
"259","PR010164"
"260","KO001101"
"261","EQ369608"
"262","EQ332553"
"263","FFF00312"
"264","AU212902"
"265","EQ314303"
"266","JP003353"
"267","PR010217"
"268","EQ364401"
"269","NU000400"
"270","JP006261"
"271","JP000304"
"272","KO009120"
"273","UT001202"
"274","BML01808"
"275","KO002016"
"276","UT002688"
"277","JP011144"
"278","BML00318"
"279","JP010034"
"280","PR010238"
"281","AU205802"
"282","JP005313"
"283","FIO00521"
"284","EA067409"
"285","JP004730"
"286","PR100922"
"287","JP002528"
"288","KNA00057"
"289","JP004409"
"290","JP011518"
"291","JP009189"
"292","JP000977"
"293","KO003251"
"294","AU114705"
"295","EQ369407"
"296","EA012964"
"297","KO003669"
"298","JP001156"
"299","JP004686"
"300","BML80826"
"301","KO002204"
"302","EQ338156"
"303","JP011785"
"304","JP010454"
"305","JP006441"
"306","JP003271"
"307","EQ279501"
"308","PR010009"
"309","JP011275"
"310","NU000447"
"311","JP010027"
"312","FIO00254"
"313","UT000176"
"314","EQ360001"
"315","BML80542"
"316","UF402103"
"317","FIO00269"
"318","JP004428"
"319","EA273905"
"320","JP002928"
"321","UF411702"
"322","EA293605"
"323","JP008204"
"324","JP009907"
"325","KO003324"
"326","KO000622"
"327","KO003631"
"328","PB000442"
"329","KO001520"
"330","UT002649"
"331","JP001558"
"332","JP007107"
"333","JP011200"
"334","EQ357001"
"335","SM805752"
"336","KO008865"
"337","JP007383"
"338","EA293707"
"339","GLS00117"
"340","KO008977"
"341","KO001230"
"342","UT002908"
"343","JP003608"
"344","JP011001"
"345","JP006141"
"346","EA298653"
"347","EQ317005"
"348","KO004183"
"349","JP006611"
"350","EA286214"
"351","JP008175"
"352","EQ302052"
"353","JP000386"
"354","BML00172"
"355","AU225155"
"356","UT002442"
"357","BML80228"
"358","FFF00341"
"359","KO003977"
"360","KO001385"
"361","UT001982"
"362","KO001440"
"363","JP006229"
"364","EQ328953"
"365","JP006401"
"366","EA016712"
"367","BML01779"
"368","FFF00412"
"369","BML01393"
"370","KO003389"
"371","EA294010"
"372","JP007649"
"373","EA261006"
"374","EA070613"
"375","EQ327101"
"376","PR100067"
"377","JP010912"
"378","JP003035"
"379","JP007677"
"380","KO002484"
"381","UF411402"
"382","CA000170"
"383","BML01052"
"384","JP001059"
"385","JP001164"
"386","KNA00219"
"387","JP008999"
"388","EA027551"
"389","PR100641"
"390","FIO00404"
"391","JP005585"
"392","JP006999"
"393","BML80216"
"394","EA262612"
"395","EQ364302"
"396","EA019205"
"397","EA030005"
"398","JP000273"
"399","UT001086"
"400","EA016010"
"401","UT001898"
"402","UF407201"
"403","EQ303506"
"404","JP001966"
"405","JP001551"
"406","EQ366503"
"407","EQ371507"
"408","EQ279554"
"409","JP009214"
"410","EA018559"
"411","MT000090"
"412","JP004691"
"413","JP009677"
"414","UF401602"
"415","JP008340"
"416","EA025954"
"417","EA105301"
"418","FU000289"
"419","EQ347205"
"420","KO002617"
"421","JP009188"
"422","FIO00207"
"423","JP010675"
"424","JP007125"
"425","JP010225"
"426","PR100261"
"427","MT000040"
"428","EQ359501"
"429","KO002070"
"430","JP001289"
"431","JP010252"
"432","JP004679"
"433","JP010327"
"434","BML00476"
"435","UF400702"
"436","JP005000"
"437","GLS00044"
"438","KO001326"
"439","EA281008"
"440","GLS00085"
"441","EA070663"
"442","SM849201"
"443","EQ364008"
"444","SM834801"
"445","PB001521"
"446","JP011585"
"447","TT000149"
"448","CE000394"
"449","EQ369406"
"450","JP012192"
"451","EA275658"
"452","EA266801"
"453","PB004923"
"454","NU000235"
"455","JP003569"
"456","SM822901"
"457","JP011273"
"458","EA030512"
"459","UF423451"
"460","PB000392"
"461","BML81638"
"462","PB005807"
"463","EA274058"
"464","KO001845"
"465","EA266603"
"466","JP009858"
"467","EA293560"
"468","BML00307"
"469","UF409902"
"470","JP002291"
"471","EQ314701"
"472","PB001449"
"473","JP009307"
"474","KNA00207"
"475","KO004278"
"476","KO001943"
"477","EA065901"
"478","EA285160"
"479","JP005843"
"480","BML01553"
"481","JP001821"
"482","KNA00547"
"483","KO002776"
"484","KO000315"
"485","AU117005"
"486","EA067360"
"487","EA024760"
"488","JP000494"
"489","KO002589"
"490","JP000409"
"491","FIO00540"
"492","EA256106"
"493","BML01112"
"494","PR010186"
"495","EA019909"
"496","EQ362703"
"497","FIO00532"
"498","UT003051"
"499","CE000301"
"500","JP001203"
"501","NU000038"
"502","JP007445"
"503","JP002002"
"504","JP002547"
"505","JP011654"
"506","KO003173"
"507","EQ335057"
"508","MT000064"
"509","UT001349"
"510","EA012410"
"511","SM827301"
"512","UT001660"
"513","KO000891"
"514","JP010886"
"515","JP009155"
"516","KO002580"
"517","JP000460"
"518","JP005812"
"519","TUE00023"
"520","FIO00353"
"521","KO002146"
"522","JP006794"
"523","KO008994"
"524","PR100913"
"525","JP004587"
"526","KNA00392"
"527","KO003327"
"528","JP011159"
"529","EQ334954"
"530","AU112203"
"531","KO008914"
"532","NU000137"
"533","EA034052"
"534","UT001467"
"535","EQ327403"
"536","EA034313"
"537","EA032661"
"538","PB000307"
"539","EA282901"
"540","JP003300"
"541","EA024902"
"542","JP004046"
"543","FFF00135"
"544","JP010736"
"545","UT002621"
"546","EA024705"
"547","JP004868"
"548","EQ361303"
"549","EA020952"
"550","EA016710"
"551","JP006057"
"552","JP005028"
"553","CE000637"
"554","EA258308"
"555","EA028513"
"556","KO008939"
"557","PR100424"
"558","JP008108"
"559","JP003490"
"560","UT000168"
"561","JP011856"
"562","KO001788"
"563","EQ321104"
"564","JP002456"
"565","SM846603"
"566","KO003783"
"567","EQ313752"
"568","JP008213"
"569","JP010827"
"570","KO003253"
"571","EQ363809"
"572","JP000085"
"573","SM847802"
"574","JP008746"
"575","KNA00247"
"576","KNA00456"
"577","JP004653"
"578","KO000266"
"579","OUF00314"
"580","JP007535"
"581","JP001656"
"582","KO001080"
"583","AU203103"
"584","UF420702"
"585","EA011206"
"586","PB005841"
"587","EA298612"
"588","JP012149"
"589","KO003379"
"590","BML81870"
"591","JP005167"
"592","AU214005"
"593","KO003015"
"594","CO000380"
"595","EA024953"
"596","JP001133"
"597","KO000905"
"598","JP003784"
"599","MT000084"
"600","EA295205"
"601","CO000193"
"602","EQ304555"
"603","OUF00267"
"604","JP005972"
"605","NU000341"
"606","JP001211"
"607","FFF00337"
"608","UT001231"
"609","EQ303752"
"610","JP009524"
"611","CA000061"
"612","EQ301156"
"613","BML00920"
"614","FFF00008"
"615","EA256712"
"616","NU000257"
"617","OUF00187"
"618","FFF00389"
"619","UT002641"
"620","JP005673"
"621","NU000323"
"622","PR100623"
"623","JP001222"
"624","KO003712"
"625","JP009198"
"626","NU000408"
"627","KO009167"
"628","JP001174"
"629","JP011950"
"630","KO002171"
"631","EQ312051"
"632","JP011687"
"633","EA013460"
"634","UT002137"
"635","AU117303"
"636","JP007609"
"637","JP010622"
"638","EQ356502"
"639","UT002116"
"640","KO003262"
"641","EA028007"
"642","KO000798"
"643","EA029404"
"644","EA290114"
"645","KO009248"
"646","JP003047"
"647","FIO00520"
"648","JP012302"
"649","JP005623"
"650","JP007775"
"651","EA025809"
"652","JP007124"
"653","PR100614"
"654","KO000833"
"655","EA025307"
"656","JP001788"
"657","EA012463"
"658","BML01558"
"659","BML00908"
"660","AU201505"
"661","PR100816"
"662","EQ339958"
"663","JP002854"
"664","EQ339703"
"665","AU311102"
"666","BML01615"
"667","PR100182"
"668","JP011861"
"669","JP008736"
"670","UT000342"
"671","JP001216"
"672","AU113601"
"673","EA253514"
"674","JP005364"
"675","PR100700"
"676","EQ327509"
"677","PR100194"
"678","KO004037"
"679","UT002107"
"680","PR100149"
"681","KO002821"
"682","UT001225"
"683","EQ318606"
"684","OUF00449"
"685","JP006423"
"686","EQ290008"
"687","UT003153"
"688","UT003065"
"689","JP006170"
"690","JP007285"
"691","EA260054"
"692","JP008700"
"693","EA026053"
"694","KO000047"
"695","JP004632"
"696","EQ371906"
"697","JP010376"
"698","FFF00288"
"699","NU000450"
"700","CO000427"
"701","CE000006"
"702","EA026757"
"703","EA067009"
"704","PR020097"
"705","EQ359805"
"706","PR010176"
"707","EA271052"
"708","EA020211"
"709","KO002732"
"710","KO000246"
"711","JP005199"
"712","JP000961"
"713","JP002966"
"714","EA070911"
"715","JP005636"
"716","GLS00108"
"717","KO000401"
"718","EQ335501"
"719","KNA00377"
"720","KO003506"
"721","GLS00062"
"722","EA017011"
"723","UT000211"
"724","SM881401"
"725","EQ349104"
"726","KO000295"
"727","JP008624"
"728","UT002291"
"729","EQ339754"
"730","JP002506"
"731","JP001689"
"732","BML00544"
"733","JP011078"
"734","CE000067"
"735","FIO00054"
"736","KNA00113"
"737","EQ313706"
"738","BML80676"
"739","JP008904"
"740","UT000210"
"741","CE000094"
"742","EQ345203"
"743","EQ330804"
"744","JP007171"
"745","EQ358008"
"746","JP008145"
"747","BML01312"
"748","JP011781"
"749","JP009687"
"750","UF417704"
"751","EA010255"
"752","EA021310"
"753","PR100297"
"754","JP007416"
"755","JP003775"
"756","KO004200"
"757","JP002339"
"758","KO002249"
"759","EQ342006"
"760","UT001961"
"761","KO002806"
"762","EQ279401"
"763","JP010465"
"764","PR100557"
"765","JP000338"
"766","EQ368605"
"767","BML81467"
"768","UF417004"
"769","EQ358906"
"770","EQ330703"
"771","EA271351"
"772","KO002425"
"773","EQ369057"
"774","PR100210"
"775","EQ301153"
"776","EQ362001"
"777","JP010747"
"778","AU158305"
"779","UF412802"
"780","AU215102"
"781","UT002416"
"782","EA256405"
"783","KO001976"
"784","NU000174"
"785","JP009628"
"786","JP011571"
"787","AU112804"
"788","UT001480"
"789","EA264963"
"790","EQ319057"
"791","JP009294"
"792","JP009420"
"793","EA277010"
"794","SM857754"
"795","EA281663"
"796","FFF00035"
"797","EA012955"
"798","EQ303505"
"799","PR100253"
"800","JP002464"
"801","JP000686"
"802","EA027963"
"803","EA026062"
"804","JP007762"
"805","JP005895"
"806","AU211801"
"807","JP000596"
"808","JP010843"
"809","EA273811"
"810","EA030858"
"811","EA103813"
"812","JP001549"
"813","JP009615"
"814","AU106005"
"815","EQ304251"
"816","EA020960"
"817","AU110205"
"818","EQ357155"
"819","EA010262"
"820","BML00679"
"821","JP004173"
"822","KO000201"
"823","KO001790"
"824","AU101803"
"825","PR040246"
"826","EA013858"
"827","EQ347103"
"828","JP011004"
"829","EQ372402"
"830","JP000214"
"831","NU000371"
"832","JP007850"
"833","UT002120"
"834","UT001888"
"835","EA066353"
"836","JP011162"
"837","JP009111"
"838","EA253651"
"839","KO008910"
"840","EA295704"
"841","JP000777"
"842","KO003496"
"843","EA025751"
"844","JP008933"
"845","PR010091"
"846","CO000181"
"847","EQ325752"
"848","EQ317704"
"849","EA017207"
"850","UT001473"
"851","PB005741"
"852","EA261052"
"853","EQ307606"
"854","CO000508"
"855","EQ327401"
"856","BML00907"
"857","FIO00446"
"858","KO002623"
"859","JP003455"
"860","AU201401"
"861","UT003182"
"862","EA070111"
"863","CO000056"
"864","KO002067"
"865","JP006788"
"866","JP008300"
"867","JP012359"
"868","KO001880"
"869","CA000180"
"870","CE000480"
"871","AU219402"
"872","TY000140"
"873","EA294609"
"874","JP005503"
"875","PR100409"
"876","EA253661"
"877","PR100045"
"878","JP008722"
"879","JP002031"
"880","EA008804"
"881","UT002690"
"882","AU113805"
"883","KO002979"
"884","EA292505"
"885","UF420801"
"886","OUF00483"
"887","UT001899"
"888","JP007507"
"889","EQ370505"
"890","EA030509"
"891","EQ366805"
"892","UT003074"
"893","JP008060"
"894","EQ305901"
"895","SM818701"
"896","UT002993"
"897","EA025959"
"898","PR100618"
"899","EA029413"
"900","UT001509"
"901","KO001108"
"902","EA010060"
"903","EQ312952"
"904","CA000101"
"905","CO000083"
"906","AU160205"
"907","KO004105"
"908","EQ357108"
"909","JP007130"
"910","UT002601"
"911","JP009040"
"912","AU224703"
"913","EQ313255"
"914","UT002875"
"915","PR100264"
"916","JP004363"
"917","JP005268"
"918","JP002129"
"919","EQ334953"
"920","JP000612"
"921","JP009856"
"922","EQ359003"
"923","KO000129"
"924","UT001252"
"925","KO003957"
"926","JP010830"
"927","UT001183"
"928","JP001971"
"929","UF402002"
"930","AU202403"
"931","UF403402"
"932","EA034303"
"933","JP010272"
"934","KNA00182"
"935","FFF00187"
"936","EQ360602"
"937","EA034209"
"938","EQ360159"
"939","JP008327"
"940","JP001866"
"941","KO001073"
"942","JP008531"
"943","KO000551"
"944","JP002595"
"945","UT002288"
"946","KNA00065"
"947","KO002346"
"948","JP001688"
"949","EA024305"
"950","UT002196"
"951","JP003154"
"952","EQ332052"
"953","EA067112"
"954","EQ305556"
"955","JP006903"
"956","EQ306153"
"957","EA029914"
"958","JP001733"
"959","FIO00244"
"960","OUF00140"
"961","JP011119"
"962","EA023414"
"963","EA070810"
"964","UT000087"
"965","CO000050"
"966","JP006851"
"967","JP002586"
"968","JP000459"
"969","EA017901"
"970","EA025910"
"971","EA294352"
"972","BML82126"
"973","FFF00311"
"974","EA011607"
"975","JP000742"
"976","CE000489"
"977","KO002625"
"978","KO003569"
"979","KO001291"
"980","JP002766"
"981","EQ314053"
"982","JP012131"
"983","JP009228"
"984","JP002856"
"985","JP006817"
"986","EQ317752"
"987","JP006751"
"988","EA025506"
"989","JP010513"
"990","UT002102"
"991","JP006446"
"992","JP003952"
"993","KO001423"
"994","AU383001"
"995","JP004159"
"996","KO003562"
"997","JP003783"
"998","KNA00522"
"999","PR100252"
"1000","KO004107"
"1001","UT003157"
"1002","EA015009"
"1003","JP003638"
"1004","EQ358051"
"1005","KO004251"
"1006","EQ365954"
"1007","UT002564"
"1008","KO000536"
"1009","EA295253"
"1010","JP012376"
"1011","KO002405"
"1012","KO000432"
"1013","JP010404"
"1014","KO000230"
"1015","JP004673"
"1016","JP007482"
"1017","KO000932"
"1018","EQ318456"
"1019","KO000847"
"1020","UT002203"
"1021","KO003334"
"1022","JP000992"
"1023","KO001749"
"1024","GLS00124"
"1025","JP009776"
"1026","JP010634"
"1027","JP002988"
"1028","EQ367002"
"1029","KO000946"
"1030","EQ327606"
"1031","EQ328401"
"1032","EQ279155"
"1033","JEL00014"
"1034","EQ305502"
"1035","JP002387"
"1036","JP005696"
"1037","KO003381"
"1038","EA028951"
"1039","EQ368559"
"1040","JP006090"
"1041","JP011533"
"1042","KO002935"
"1043","JP000621"
"1044","EQ293204"
"1045","FIO00223"
"1046","JP011391"
"1047","JP007111"
"1048","JP008639"
"1049","UT002268"
"1050","JP005528"
"1051","EA021304"
"1052","EQ286005"
"1053","EQ321107"
"1054","JP004196"
"1055","EQ329003"
"1056","EA008405"
"1057","JP001774"
"1058","EA293401"
"1059","PB000502"
"1060","JP007426"
"1061","EQ312252"
"1062","BML82057"
"1063","KO008948"
"1064","PR100757"
"1065","KO001279"
"1066","EQ333903"
"1067","KO001003"
"1068","JP002143"
"1069","JP001849"
"1070","JP000940"
"1071","EA029602"
"1072","JP006084"
"1073","JP010455"
"1074","UT001075"
"1075","KO001081"
"1076","JP005841"
"1077","BML01500"
"1078","EQ317055"
"1079","JP003421"
"1080","UF414102"
"1081","EQ313802"
"1082","BML00349"
"1083","BML00431"
"1084","UT001886"
"1085","EQ332006"
"1086","EA295510"
"1087","JP007101"
"1088","AU212204"
"1089","JEL00022"
"1090","EA282807"
"1091","UT003163"
"1092","KO009076"
"1093","KO000790"
"1094","JP001602"
"1095","PR101036"
"1096","JP001066"
"1097","JP002150"
"1098","KO008890"
"1099","SM811302"
"1100","AU373803"
"1101","PR010088"
"1102","JP011082"
"1103","JP009646"
"1104","JP011247"
"1105","EQ371209"
"1106","KO001470"
"1107","GLS00021"
"1108","JP001822"
"1109","CE000213"
"1110","EA270901"
"1111","JP005563"
"1112","JP012079"
"1113","EQ064501"
"1114","JP000687"
"1115","EA015106"
"1116","KNA00780"
"1117","KO001159"
"1118","EA070107"
"1119","JP008337"
"1120","KO002677"
"1121","EA253653"
"1122","JP006462"
"1123","JP003603"
"1124","NU000175"
"1125","NU000264"
"1126","JP005239"
"1127","EA012411"
"1128","JP005977"
"1129","BML82490"
"1130","JP008800"
"1131","FU000271"
"1132","JP005265"
"1133","EQ317103"
"1134","EA067108"
"1135","JP002488"
"1136","KO002300"
"1137","JP000904"
"1138","FIO00197"
"1139","UT002809"
"1140","EA281658"
"1141","UF410553"
"1142","AU405101"
"1143","JP012296"
"1144","JP009565"
"1145","EA024852"
"1146","EA267609"
"1147","BML00906"
"1148","JP005468"
"1149","EQ279806"
"1150","PR020012"
"1151","JP002639"
"1152","JP000249"
"1153","JP008809"
"1154","PR040115"
"1155","JP003778"
"1156","EA268212"
"1157","JP003053"
"1158","EA253664"
"1159","EA007109"
"1160","EA026163"
"1161","EQ309201"
"1162","PR040255"
"1163","JP001025"
"1164","EA294106"
"1165","KO009212"
"1166","EQ310706"
"1167","JP008474"
"1168","JP001802"
"1169","JP010383"
"1170","EQ345605"
"1171","JP009978"
"1172","EQ320802"
"1173","EA026156"
"1174","BML00266"
"1175","PR100970"
"1176","EA277663"
"1177","BML80245"
"1178","EA280859"
"1179","JP010746"
"1180","JP010984"
"1181","CA000066"
"1182","JP011674"
"1183","EQ346356"
"1184","JEL00027"
"1185","KO004077"
"1186","EA273911"
"1187","JP010046"
"1188","UT002330"
"1189","EA290311"
"1190","EA013813"
"1191","UF408804"
"1192","PR100958"
"1193","JP010483"
"1194","JP001417"
"1195","KO003630"
"1196","EQ318307"
"1197","CO000132"
"1198","JP004866"
"1199","JP000883"
"1200","AU112202"
"1201","UT002095"
"1202","JP008087"
"1203","AU108701"
"1204","CE000625"
"1205","EA293909"
"1206","EQ312906"
"1207","JP000789"
"1208","KO000406"
"1209","KO001047"
"1210","EQ033503"
"1211","EQ369908"
"1212","JP012307"
"1213","EQ347606"
"1214","CE000252"
"1215","KO000475"
"1216","EA258014"
"1217","KNA00338"
"1218","EA017913"
"1219","UF410551"
"1220","NU000176"
"1221","EA000460"
"1222","JP001948"
"1223","EQ320757"
"1224","KO004058"
"1225","KO002155"
"1226","AU387304"
"1227","JP001105"
"1228","FFF00361"
"1229","EA026809"
"1230","JP009953"
"1231","EQ368909"
"1232","EA067406"
"1233","PR100398"
"1234","EQ339807"
"1235","EQ334403"
"1236","EA291960"
"1237","JP000748"
"1238","UF409351"
"1239","JP010199"
"1240","EA019611"
"1241","UT002309"
"1242","PR100572"
"1243","KO000951"
"1244","MT000122"
"1245","KO002761"
"1246","EA290113"
"1247","JP009590"
"1248","UT001553"
"1249","EQ302804"
"1250","KO000491"
"1251","KO000508"
"1252","JP003045"
"1253","JP005986"
"1254","JP005909"
"1255","EQ320603"
"1256","KZ000137"
"1257","KO008822"
"1258","UF404403"
"1259","EQ368352"
"1260","PR040042"
"1261","JP005791"
"1262","UT001980"
"1263","KO002328"
"1264","CO000232"
"1265","BML01784"
"1266","JP007249"
"1267","JP011295"
"1268","BML00719"
"1269","EA014801"
"1270","KO004115"
"1271","KO000587"
"1272","EA294709"
"1273","TY000119"
"1274","EQ317305"
"1275","UT001344"
"1276","JP011960"
"1277","CE000211"
"1278","JP004622"
"1279","JP002904"
"1280","NU000438"
"1281","JP005831"
"1282","BML00371"
"1283","CO000381"
"1284","JP010503"
"1285","JP007452"
"1286","EA064414"
"1287","EA069810"
"1288","EA273710"
"1289","EA295104"
"1290","UF414401"
"1291","KO004149"
"1292","KO001358"
"1293","AU377904"
"1294","JP009199"
"1295","PR101000"
"1296","JP004767"
"1297","EA020104"
"1298","UT001498"
"1299","JP012057"
"1300","MSJ00002"
"1301","AU110601"
"1302","JP001184"
"1303","UF419351"
"1304","KO001144"
"1305","BML81141"
"1306","PR100937"
"1307","KO002494"
"1308","KO000364"
"1309","EQ366407"
"1310","KO002339"
"1311","UT002248"
"1312","BML80275"
"1313","JP010988"
"1314","UT003009"
"1315","BML81675"
"1316","JP012335"
"1317","PR020109"
"1318","JP003962"
"1319","JP005565"
"1320","FIO00497"
"1321","JP002392"
"1322","BML01667"
"1323","JP007628"
"1324","EA281558"
"1325","JP002401"
"1326","JP001700"
"1327","UT000271"
"1328","PR100357"
"1329","EA050257"
"1330","KO001092"
"1331","MCH00006"
"1332","BML00004"
"1333","EA012003"
"1334","AU200101"
"1335","EQ318652"
"1336","KZ000181"
"1337","EA253551"
"1338","AU302705"
"1339","EQ366157"
"1340","JP008868"
"1341","GLS00005"
"1342","JP007207"
"1343","CA000164"
"1344","AU112005"
"1345","EQ345201"
"1346","UT000090"
"1347","JP004624"
"1348","JP001811"
"1349","EA293307"
"1350","EQ360007"
"1351","JP012038"
"1352","EA281808"
"1353","JP001264"
"1354","ML003051"
"1355","UT000119"
"1356","EQ362855"
"1357","JP009784"
"1358","KO000792"
"1359","EA285407"
"1360","UT001069"
"1361","EA029859"
"1362","FIO00472"
"1363","EA067203"
"1364","KO001725"
"1365","EQ309806"
"1366","PR010073"
"1367","EA016608"
"1368","KO004129"
"1369","UT000310"
"1370","PR010172"
"1371","JP011888"
"1372","UT001583"
"1373","KO003184"
"1374","EA019012"
"1375","EA262105"
"1376","JP008141"
"1377","JP008015"
"1378","JP012214"
"1379","UT000193"
"1380","BML81548"
"1381","JP001304"
"1382","KO001207"
"1383","EQ333602"
"1384","JP009008"
"1385","EA065709"
"1386","EA025510"
"1387","KO003521"
"1388","SM880751"
"1389","JP004085"
"1390","SM804503"
"1391","UF420603"
"1392","EQ314002"
"1393","EQ360306"
"1394","JP006931"
"1395","KO002916"
"1396","BML00939"
"1397","JP006204"
"1398","EA024701"
"1399","JP011602"
"1400","EA266607"
"1401","JP005770"
"1402","KO004144"
"1403","NU000040"
"1404","EA275902"
"1405","KO003727"
"1406","JP001675"
"1407","JP011241"
"1408","KO000463"
"1409","EQ369004"
"1410","BML80015"
"1411","EQ356251"
"1412","EA014814"
"1413","EA014713"
"1414","JP005514"
"1415","KO002822"
"1416","EA266754"
"1417","KO004148"
"1418","UT003128"
"1419","OUF00263"
"1420","EQ329501"
"1421","KO004010"
"1422","EA015110"
"1423","EA256409"
"1424","PB005984"
"1425","EA029604"
"1426","JP011955"
"1427","NU000316"
"1428","PR010219"
"1429","JP007145"
"1430","KO002370"
"1431","BML00593"
"1432","TUE00361"
"1433","JP000502"
"1434","BML81458"
"1435","AU117304"
"1436","JP009208"
"1437","JP009766"
"1438","EQ338005"
"1439","AU303651"
"1440","KO003664"
"1441","JP008838"
"1442","JP002018"
"1443","GLS00149"
"1444","EQ301303"
"1445","NU000029"
"1446","BML01519"
"1447","FFF00313"
"1448","KO003207"
"1449","EA027305"
"1450","EA293807"
"1451","JP012343"
"1452","JP002114"
"1453","JP005669"
"1454","UT000204"
"1455","EA271554"
"1456","JP005505"
"1457","JP006125"
"1458","AU302103"
"1459","EQ329502"
"1460","JP002314"
"1461","EA282113"
"1462","EQ279454"
"1463","EQ331904"
"1464","KO002495"
"1465","EA298803"
"1466","JP000186"
"1467","EA019702"
"1468","EQ324106"
"1469","JP009288"
"1470","PR101050"
"1471","JP010452"
"1472","EA000407"
"1473","KO000691"
"1474","PR100703"
"1475","JP011087"
"1476","EQ314706"
"1477","AU108302"
"1478","KO001680"
"1479","JP008919"
"1480","JP003056"
"1481","EQ310855"
"1482","UT002843"
"1483","JP011263"
"1484","JP007892"
"1485","JP006725"
"1486","UF408204"
"1487","EQ360307"
"1488","JP000111"
"1489","EA268312"
"1490","PB006083"
"1491","JP005332"
"1492","UT002586"
"1493","EA010361"
"1494","KO001808"
"1495","EA270964"
"1496","JP001130"
"1497","AU155102"
"1498","AU565301"
"1499","JP007993"
"1500","EA295209"
"1501","EQ347202"
"1502","EQ301453"
"1503","JP001721"
"1504","BML00900"
"1505","KO000831"
"1506","BML01614"
"1507","CA000124"
"1508","EA014705"
"1509","JP011419"
"1510","PR020100"
"1511","JP002249"
"1512","EA293912"
"1513","JP011633"
"1514","KO009137"
"1515","KO000259"
"1516","PB000471"
"1517","EQ302056"
"1518","AU371404"
"1519","KNA00822"
"1520","JP004995"
"1521","EQ371204"
"1522","OUF00403"
"1523","OUF00401"
"1524","AU107601"
"1525","KO002165"
"1526","BML80227"
"1527","PB000529"
"1528","UT002815"
"1529","AU212404"
"1530","AU117104"
"1531","UT002640"
"1532","JP009062"
"1533","EA275663"
"1534","PB000126"
"1535","JP006449"
"1536","EQ326508"
"1537","EA103409"
"1538","MSJ00003"
"1539","EA277802"
"1540","EA255513"
"1541","KO003347"
"1542","KNA00726"
"1543","UT002648"
"1544","EA065354"
"1545","UT002889"
"1546","KZ000217"
"1547","PR100940"
"1548","EA027310"
"1549","EA298611"
"1550","OUF00331"
"1551","EA019011"
"1552","EA262603"
"1553","KO002931"
"1554","JP000735"
"1555","JP009278"
"1556","KO004177"
"1557","EQ306951"
"1558","MSJ00009"
"1559","EA020403"
"1560","KO000737"
"1561","BML01443"
"1562","JP008129"
"1563","UT000514"
"1564","KO001787"
"1565","EQ303753"
"1566","JP005217"
"1567","KO002506"
"1568","KO001373"
"1569","MT000129"
"1570","BML01172"
"1571","EQ364757"
"1572","PB000429"
"1573","JP007197"
"1574","KO000562"
"1575","OUF00135"
"1576","JP010564"
"1577","KO002219"
"1578","FIO00234"
"1579","BML81213"
"1580","CE000188"
"1581","EQ331652"
"1582","EQ368902"
"1583","EA013855"
"1584","KO001292"
"1585","JP011823"
"1586","KO003469"
"1587","JP002819"
"1588","JP000259"
"1589","JP002012"
"1590","JP002001"
"1591","KO002415"
"1592","EA019209"
"1593","JP005443"
"1594","JP003019"
"1595","JP009686"
"1596","EA080464"
"1597","JP003128"
"1598","EQ318006"
"1599","BML00970"
"1600","KO002562"
"1601","EQ363454"
"1602","KNA00340"
"1603","KO003561"
"1604","JP006833"
"1605","UT001085"
"1606","EQ366207"
"1607","KO009261"
"1608","BML00129"
"1609","KO001676"
"1610","PR020056"
"1611","UT001838"
"1612","JP004507"
"1613","EA020358"
"1614","EA066909"
"1615","JP011987"
"1616","KO001130"
"1617","JP003112"
"1618","JP011305"
"1619","KNA00368"
"1620","FFF00109"
"1621","EQ333405"
"1622","KO000284"
"1623","EQ311905"
"1624","JP011750"
"1625","KO008967"
"1626","JP001077"
"1627","BML01466"
"1628","AU313401"
"1629","JP001973"
"1630","BML01523"
"1631","EA268214"
"1632","EQ320708"
"1633","EA023410"
"1634","EQ326455"
"1635","UT001280"
"1636","KO000253"
"1637","JP000310"
"1638","TUE00166"
"1639","UF410502"
"1640","EQ321105"
"1641","UT001258"
"1642","EQ319909"
"1643","EA281012"
"1644","EA013651"
"1645","UF424002"
"1646","PR040248"
"1647","UF407853"
"1648","JP004905"
"1649","JP009736"
"1650","EA014755"
"1651","BML82022"
"1652","EA069701"
"1653","UT002628"
"1654","JP000780"
"1655","JP004729"
"1656","EA016910"
"1657","JP003276"
"1658","EQ342008"
"1659","PR100787"
"1660","KO008832"
"1661","PR100843"
"1662","NU000055"
"1663","FFF00212"
"1664","BML01624"
"1665","NU000307"
"1666","BML01761"
"1667","UT001783"
"1668","JP001391"
"1669","CE000377"
"1670","JP011954"
"1671","JP003308"
"1672","PR010129"
"1673","JP011248"
"1674","SM841901"
"1675","GLS00064"
"1676","NU000268"
"1677","EA025803"
"1678","JP000872"
"1679","JP010669"
"1680","EA280803"
"1681","EA028313"
"1682","JP010427"
"1683","JP005213"
"1684","BML00757"
"1685","UF400503"
"1686","JP006771"
"1687","EQ357553"
"1688","UT001665"
"1689","JP001009"
"1690","KO000500"
"1691","JP005632"
"1692","CO000464"
"1693","JP007117"
"1694","JP004648"
"1695","JP010431"
"1696","JP006726"
"1697","PR100455"
"1698","EQ303252"
"1699","JP003504"
"1700","FU000275"
"1701","CA000181"
"1702","JP000492"
"1703","SM852651"
"1704","UF416401"
"1705","JP002232"
"1706","JP000467"
"1707","EQ316806"
"1708","JP008228"
"1709","PR100523"
"1710","KO001651"
"1711","FIO00016"
"1712","NU000223"
"1713","JP000712"
"1714","AU112802"
"1715","EQ368252"
"1716","JP006174"
"1717","JP001396"
"1718","JP010568"
"1719","EQ303401"
"1720","UT001865"
"1721","JP009018"
"1722","TY000214"
"1723","UT001151"
"1724","EA064307"
"1725","KO002759"
"1726","UT001133"
"1727","UF411703"
"1728","KO003602"
"1729","UT002345"
"1730","KO001802"
"1731","KO009075"
"1732","BML01598"
"1733","CE000420"
"1734","TY000066"
"1735","JP007050"
"1736","EA070159"
"1737","EA027755"
"1738","JP001780"
"1739","CE000575"
"1740","BML80538"
"1741","JP004289"
"1742","JP009534"
"1743","KO003811"
"1744","UT002924"
"1745","GLS00158"
"1746","OUF00238"
"1747","EQ310705"
"1748","EQ318301"
"1749","JP000404"
"1750","FIO00376"
"1751","JP007338"
"1752","JP007675"
"1753","JP008072"
"1754","KO000057"
"1755","EA027902"
"1756","AU400305"
"1757","FFF00052"
"1758","EA282112"
"1759","BML82021"
"1760","EA066862"
"1761","CE000427"
"1762","EQ359308"
"1763","JP008761"
"1764","EQ371508"
"1765","FFF00221"
"1766","FFF00172"
"1767","JP008076"
"1768","EA027405"
"1769","JP003348"
"1770","KO001213"
"1771","EA029309"
"1772","JP000083"
"1773","EA013851"
"1774","KO003428"
"1775","EA070653"
"1776","KO001303"
"1777","EQ369053"
"1778","EA015104"
"1779","PR100030"
"1780","BML80450"
"1781","EA025808"
"1782","AU210204"
"1783","EQ370409"
"1784","JP007585"
"1785","CE000021"
"1786","JP011334"
"1787","PR100288"
"1788","AU111201"
"1789","JP006568"
"1790","JP006638"
"1791","JP000211"
"1792","JP002190"
"1793","JP006471"
"1794","UT002491"
"1795","EQ301256"
"1796","JP001024"
"1797","EA261001"
"1798","OUF00268"
"1799","MCH00019"
"1800","EA034203"
"1801","KO004226"
"1802","UT002600"
"1803","JP011073"
"1804","JP007159"
"1805","JP008420"
"1806","JP007397"
"1807","EA021309"
"1808","JP006558"
"1809","KNA00440"
"1810","JP011653"
"1811","TY000147"
"1812","JP006107"
"1813","KO003519"
"1814","KO001315"
"1815","UT003028"
"1816","NU000051"
"1817","EQ318452"
"1818","CO000283"
"1819","PB000661"
"1820","OUF00233"
"1821","EA070804"
"1822","FIO00020"
"1823","KO003694"
"1824","JP010170"
"1825","JP003930"
"1826","EA278009"
"1827","KO003872"
"1828","PB005902"
"1829","EQ289909"
"1830","JP002091"
"1831","PB005704"
"1832","JP000025"
"1833","EQ312402"
"1834","PR100291"
"1835","JP002908"
"1836","BML00588"
"1837","UT002227"
"1838","KO000554"
"1839","JP009317"
"1840","BML80982"
"1841","EA278108"
"1842","BML81270"
"1843","EQ364205"
"1844","JP003434"
"1845","UT000223"
"1846","OUF00039"
"1847","JP011026"
"1848","BML80690"
"1849","UT001556"
"1850","UT002265"
"1851","PB000493"
"1852","KO009213"
"1853","AU153305"
"1854","JP004030"
"1855","JP012069"
"1856","JP005207"
"1857","KO000703"
"1858","EA012901"
"1859","EQ328905"
"1860","BML01215"
"1861","JP005413"
"1862","EA026561"
"1863","EQ304255"
"1864","JP006241"
"1865","NU000347"
"1866","JP002580"
"1867","EQ307202"
"1868","PR040129"
"1869","EA016764"
"1870","JP006773"
"1871","AU150902"
"1872","KO001612"
"1873","EA027060"
"1874","KNA00258"
"1875","BML00799"
"1876","JP010677"
"1877","JP010817"
"1878","KO002802"
"1879","KO009177"
"1880","EQ315101"
"1881","KO000298"
"1882","EA066814"
"1883","EQ279805"
"1884","EA282913"
"1885","JP007346"
"1886","AU211601"
"1887","FIO00566"
"1888","EA013853"
"1889","TUE00826"
"1890","JP005652"
"1891","JP011178"
"1892","EA023411"
"1893","SM821753"
"1894","JP009446"
"1895","FFF00161"
"1896","UT002873"
"1897","NU000016"
"1898","JP003116"
"1899","KO004254"
"1900","KNA00661"
"1901","KO002454"
"1902","JP010934"
"1903","JP001262"
"1904","KO002703"
"1905","EA070206"
"1906","JP008069"
"1907","JP004511"
"1908","JP006574"
"1909","JP000145"
"1910","EQ366507"
"1911","KO001951"
"1912","EQ358807"
"1913","JP009485"
"1914","UT000242"
"1915","KO001387"
"1916","BML01612"
"1917","JP001107"
"1918","JP005945"
"1919","JP006746"
"1920","EA017060"
"1921","FIO00309"
"1922","SM833251"
"1923","EQ359908"
"1924","JP010060"
"1925","KO003643"
"1926","EA277814"
"1927","EA008806"
"1928","JP007844"
"1929","JP007954"
"1930","JP005526"
"1931","EQ346306"
"1932","PR040009"
"1933","EA066810"
"1934","KO004133"
"1935","EQ371654"
"1936","JP003558"
"1937","KO009173"
"1938","JP011549"
"1939","JP008246"
"1940","SM852103"
"1941","JP009141"
"1942","CO000276"
"1943","BML00087"
"1944","KNA00738"
"1945","CE000104"
"1946","JP000228"
"1947","PR010038"
"1948","EA027903"
"1949","JP009783"
"1950","EA028505"
"1951","SM860702"
"1952","UF409452"
"1953","PR100893"
"1954","JP003973"
"1955","JP003996"
"1956","KO000490"
"1957","JP007519"
"1958","EQ301603"
"1959","PR010069"
"1960","EA282911"
"1961","JP004810"
"1962","EA013864"
"1963","UF414404"
"1964","JP010908"
"1965","FIO00030"
"1966","CE000095"
"1967","EA012614"
"1968","JP008261"
"1969","EA282010"
"1970","UT001573"
"1971","JP002049"
"1972","NU000186"
"1973","UT002948"
"1974","JP012087"
"1975","JP009065"
"1976","MT000034"
"1977","JP001416"
"1978","UT000207"
"1979","JP007498"
"1980","KO003083"
"1981","CE000414"
"1982","EQ364609"
"1983","EQ331951"
"1984","JP005645"
"1985","PR040060"
"1986","UT000312"
"1987","JP002687"
"1988","JP010549"
"1989","KO003086"
"1990","EA028310"
"1991","JP000971"
"1992","PR100087"
"1993","UT001616"
"1994","BML00239"
"1995","TUE00021"
"1996","JP000853"
"1997","NU000119"
"1998","EA005864"
"1999","EA030003"
"2000","JP006096"
"2001","NU000504"
"2002","AU150903"
"2003","UF405604"
"2004","EA021209"
"2005","JP007778"
"2006","SM843903"
"2007","EQ312804"
"2008","KO001060"
"2009","EQ366303"
"2010","JP006149"
"2011","UF404802"
"2012","EA008851"
"2013","EQ328956"
"2014","KO000724"
"2015","KO001833"
"2016","JP010189"
"2017","JP002532"
"2018","KO001894"
"2019","EA033613"
"2020","KO001601"
"2021","FFF00283"
"2022","JP008544"
"2023","AU355602"
"2024","JP010517"
"2025","KZ000236"
"2026","BML80828"
"2027","NU000531"
"2028","MT000024"
"2029","KO003073"
"2030","EQ317205"
"2031","UT002987"
"2032","JP009227"
"2033","EA278007"
"2034","JP000957"
"2035","JP004627"
"2036","UT002812"
"2037","KZ000179"
"2038","EA025859"
"2039","EA292311"
"2040","KO001430"
"2041","EA026056"
"2042","EQ308355"
"2043","EA011811"
"2044","JP005308"
"2045","JP012218"
"2046","JP010185"
"2047","JP003812"
"2048","JP011601"
"2049","PR100303"
"2050","EA018514"
"2051","CA000026"
"2052","KO000439"
"2053","CA000093"
"2054","EA273958"
"2055","NU000480"
"2056","EA067356"
"2057","FFF00202"
"2058","EQ320755"
"2059","JP009182"
"2060","JP010599"
"2061","EQ317606"
"2062","KZ000022"
"2063","EA009005"
"2064","EA270906"
"2065","CO000254"
"2066","EQ365108"
"2067","PB000458"
"2068","MT000021"
"2069","EA013664"
"2070","EQ320101"
"2071","EA285703"
"2072","JP012330"
"2073","EA032805"
"2074","UT001466"
"2075","EQ307153"
"2076","JP011980"
"2077","KO004073"
"2078","CE000425"
"2079","EQ306005"
"2080","EA010055"
"2081","UT000323"
"2082","UT000103"
"2083","EQ329303"
"2084","BML00073"
"2085","KO000022"
"2086","CO000404"
"2087","KO001626"
"2088","EQ320457"
"2089","GLS00090"
"2090","UT002115"
"2091","SM836601"
"2092","CO000280"
"2093","EA006709"
"2094","JP004385"
"2095","JP000032"
"2096","JP012305"
"2097","JP010002"
"2098","EA017112"
"2099","JP011191"
"2100","KO001139"
"2101","EA029211"
"2102","JP005462"
"2103","KO003986"
"2104","EA017209"
"2105","EQ368754"
"2106","KNA00028"
"2107","JP001422"
"2108","KO002471"
"2109","UT002275"
"2110","PB005786"
"2111","UT000127"
"2112","KO001344"
"2113","KO009247"
"2114","SM830901"
"2115","JP008689"
"2116","NU000288"
"2117","KO003391"
"2118","EQ318653"
"2119","KO002311"
"2120","OUF00061"
"2121","BML80957"
"2122","JP009055"
"2123","BML81652"
"2124","KO001216"
"2125","KO000411"
"2126","JP010530"
"2127","EA284814"
"2128","JP011754"
"2129","FIO00546"
"2130","EQ360858"
"2131","KO003081"
"2132","KO001690"
"2133","UT002606"
"2134","EQ323906"
"2135","JP005183"
"2136","EQ300509"
"2137","JP005749"
"2138","CE000436"
"2139","UT000105"
"2140","NU000043"
"2141","KNA00324"
"2142","JP001599"
"2143","JP001957"
"2144","BML80543"
"2145","EA016714"
"2146","KO000755"
"2147","JP009824"
"2148","JP009374"
"2149","UT000286"
"2150","JP003677"
"2151","JP000581"
"2152","EQ300501"
"2153","EA278408"
"2154","AU160503"
"2155","JP010025"
"2156","UT002702"
"2157","JP010218"
"2158","EA285711"
"2159","JP006641"
"2160","EA020303"
"2161","JP002944"
"2162","JP011214"
"2163","FIO00485"
"2164","EQ304752"
"2165","PB005501"
"2166","UT001775"
"2167","JP009995"
"2168","AU339002"
"2169","JP002155"
"2170","EQ345906"
"2171","EQ318309"
"2172","JP009029"
"2173","EA019207"
"2174","KO003164"
"2175","KO003294"
"2176","EA033811"
"2177","EA019504"
"2178","JP006961"
"2179","AU201203"
"2180","KO001995"
"2181","BML00401"
"2182","JP006560"
"2183","UT001443"
"2184","BML01862"
"2185","EQ285306"
"2186","JP000391"
"2187","EA263706"
"2188","EA293607"
"2189","JP009325"
"2190","EA019113"
"2191","UF404303"
"2192","JP001965"
"2193","KO001803"
"2194","PB000438"
"2195","KO000640"
"2196","JP004113"
"2197","JP005036"
"2198","UF401503"
"2199","UF408803"
"2200","EA029958"
"2201","PR040151"
"2202","UT002247"
"2203","JP001994"
"2204","JP000408"
"2205","FFF00145"
"2206","SM821404"
"2207","UF416404"
"2208","EQ358604"
"2209","OUF00217"
"2210","JP008386"
"2211","JP005426"
"2212","JP007385"
"2213","PR100294"
"2214","OUF00117"
"2215","NU000211"
"2216","EQ345604"
"2217","JP002255"
"2218","CO000026"
"2219","BML81590"
"2220","BML01804"
"2221","EA016104"
"2222","KO000422"
"2223","CO000403"
"2224","JP002425"
"2225","BML81276"
"2226","OUF00143"
"2227","UT001502"
"2228","JP003843"
"2229","EQ331653"
"2230","JP009625"
"2231","UF414101"
"2232","MCH00014"
"2233","JP008523"
"2234","KO009122"
"2235","EQ367053"
"2236","CA000171"
"2237","EQ324656"
"2238","UF412103"
"2239","UT000368"
"2240","UT002134"
"2241","UT002898"
"2242","KO002680"
"2243","EA066110"
"2244","KNA00548"
"2245","EQ305002"
"2246","UF418752"
"2247","EA066461"
"2248","EA294610"
"2249","EQ361502"
"2250","JP011333"
"2251","TY000127"
"2252","JP009483"
"2253","JP002733"
"2254","JP004850"
"2255","EA273404"
"2256","JP010475"
"2257","EQ366903"
"2258","EQ309203"
"2259","KO002289"
"2260","BML01407"
"2261","KO009013"
"2262","UT000152"
"2263","EQ316605"
"2264","JEL00019"
"2265","NU000325"
"2266","MT000068"
"2267","EA271652"
"2268","JP005922"
"2269","JP003085"
"2270","CO000150"
"2271","AU107804"
"2272","EA030413"
"2273","JP007554"
"2274","EQ308404"
"2275","AU161103"
"2276","KO001924"
"2277","EQ369702"
"2278","EA261056"
"2279","FFF00321"
"2280","EA067404"
"2281","BML00097"
"2282","FIO00438"
"2283","OUF00059"
"2284","KNA00627"
"2285","PR100032"
"2286","JP009817"
"2287","EQ363508"
"2288","JP003051"
"2289","EA277803"
"2290","JP009896"
"2291","UT000033"
"2292","JP000309"
"2293","UT001345"
"2294","JP010772"
"2295","JP011873"
"2296","JP000482"
"2297","UF401452"
"2298","KO008809"
"2299","JP009793"
"2300","EQ318252"
"2301","KO000642"
"2302","JP009987"
"2303","KO009319"
"2304","EQ314005"
"2305","JP000963"
"2306","EQ372257"
"2307","KO001583"
"2308","EQ313453"
"2309","BML01300"
"2310","EA295203"
"2311","EA270952"
"2312","EQ370408"
"2313","JP012068"
"2314","EA020903"
"2315","JP007814"
"2316","JP004016"
"2317","CE000048"
"2318","KNA00106"
"2319","KO001459"
"2320","BML01496"
"2321","KO001151"
"2322","EA016752"
"2323","KO003547"
"2324","PR040165"
"2325","KO004235"
"2326","EQ335059"
"2327","GLS00077"
"2328","EQ359103"
"2329","JP000592"
"2330","EQ360801"
"2331","CE000053"
"2332","KO000655"
"2333","JP011085"
"2334","EA298851"
"2335","KO003477"
"2336","EA065806"
"2337","JP002677"
"2338","PR100498"
"2339","EQ366802"
"2340","KNA00049"
"2341","JP001830"
"2342","KO003215"
"2343","JP001155"
"2344","KO003340"
"2345","JP000984"
"2346","EA267013"
"2347","JP004430"
"2348","BML82261"
"2349","EQ368608"
"2350","KO009027"
"2351","AU105402"
"2352","JP003594"
"2353","BML80985"
"2354","UT002188"
"2355","EA028008"
"2356","EQ369052"
"2357","KO001914"
"2358","EA256107"
"2359","BML81872"
"2360","EA281810"
"2361","UF411604"
"2362","NU000482"
"2363","EQ308805"
"2364","UT001384"
"2365","KO008830"
"2366","EA066813"
"2367","AU224804"
"2368","OUF00046"
"2369","KO001801"
"2370","UT003156"
"2371","JP001072"
"2372","JP002469"
"2373","JP003976"
"2374","JP002034"
"2375","UT001913"
"2376","JP009102"
"2377","JP005949"
"2378","EQ320503"
"2379","EA271552"
"2380","EQ312701"
"2381","JP004415"
"2382","JP006068"
"2383","JP008771"
"2384","TUE00581"
"2385","EA016308"
"2386","BML80386"
"2387","EA028011"
"2388","KO002374"
"2389","EQ302952"
"2390","KO004127"
"2391","BML00008"
"2392","EQ320506"
"2393","JP000382"
"2394","EA027912"
"2395","UF412104"
"2396","UF409003"
"2397","EA012505"
"2398","UF402401"
"2399","JP009482"
"2400","KO003892"
"2401","NU000503"
"2402","CE000398"
"2403","KZ000077"
"2404","BML00100"
"2405","BML00653"
"2406","BML81472"
"2407","JP007467"
"2408","CE000360"
"2409","EQ367603"
"2410","JP001005"
"2411","JP003018"
"2412","EQ331253"
"2413","FIO00501"
"2414","JP011749"
"2415","KO003220"
"2416","JP003259"
"2417","EA020151"
"2418","JP009032"
"2419","KNA00017"
"2420","EQ358107"
"2421","KO000918"
"2422","AU302701"
"2423","JP001017"
"2424","KO000882"
"2425","EQ318202"
"2426","PR100690"
"2427","PR100704"
"2428","KO001225"
"2429","PR100124"
"2430","JP006629"
"2431","JP003852"
"2432","JP007569"
"2433","JP003036"
"2434","PR100188"
"2435","BML01836"
"2436","JP006950"
"2437","PR100236"
"2438","EQ333005"
"2439","UT003176"
"2440","UT002582"
"2441","EA028511"
"2442","FFF00380"
"2443","JP001349"
"2444","KO000919"
"2445","JP009217"
"2446","JP000744"
"2447","UT002680"
"2448","EQ370401"
"2449","EA265712"
"2450","JP008876"
"2451","UF406401"
"2452","KO002253"
"2453","JP006437"
"2454","JP005951"
"2455","EQ331209"
"2456","KO004023"
"2457","JP002658"
"2458","KO000557"
"2459","KNA00260"
"2460","KO001354"
"2461","UF413301"
"2462","PR100196"
"2463","JP004049"
"2464","EA006707"
"2465","UF413404"
"2466","PR020119"
"2467","JP002167"
"2468","JP011509"
"2469","KO004216"
"2470","EA023104"
"2471","PB005944"
"2472","JP002635"
"2473","PB006243"
"2474","TY000099"
"2475","JP008433"
"2476","JP000980"
"2477","AU209453"
"2478","JP011080"
"2479","JP006945"
"2480","CE000016"
"2481","KO002971"
"2482","JP010950"
"2483","EA280856"
"2484","KO009052"
"2485","PR100884"
"2486","JP009494"
"2487","SM884652"
"2488","KO002610"
"2489","KO001214"
"2490","PR040166"
"2491","JP009261"
"2492","UT001373"
"2493","CE000233"
"2494","JP001472"
"2495","KO001876"
"2496","JP000439"
"2497","KO002519"
"2498","JP005276"
"2499","KO002306"
"2500","EA064508"
"2501","EQ359554"
"2502","JP004243"
"2503","JP007788"
"2504","UF417553"
"2505","FIO00514"
"2506","KO000108"
"2507","KO003365"
"2508","JP001905"
"2509","JP000564"
"2510","UT000114"
"2511","KO003408"
"2512","EA033751"
"2513","PB005727"
"2514","AU167803"
"2515","KO000028"
"2516","KO002741"
"2517","KO000660"
"2518","UT002289"
"2519","EA017107"
"2520","JP011865"
"2521","UT000546"
"2522","MT000062"
"2523","UT001044"
"2524","EQ306703"
"2525","KO000673"
"2526","FFF00209"
"2527","EA273459"
"2528","JP012040"
"2529","NU000259"
"2530","UF409002"
"2531","PR010173"
"2532","JP004848"
"2533","EA016658"
"2534","EA017110"
"2535","EA285964"
"2536","EQ317503"
"2537","OUF01003"
"2538","BML80473"
"2539","CO000147"
"2540","JP011746"
"2541","JP000501"
"2542","KO008843"
"2543","UT003119"
"2544","JP002081"
"2545","JP011628"
"2546","UT002368"
"2547","JP012306"
"2548","EA295501"
"2549","EQ361702"
"2550","PR100736"
"2551","JP008846"
"2552","EA261211"
"2553","EQ309904"
"2554","EQ344609"
"2555","JP003631"
"2556","PR010122"
"2557","FIO00504"
"2558","EA270604"
"2559","PB000500"
"2560","FFF00294"
"2561","EQ014256"
"2562","BML00278"
"2563","JP010909"
"2564","JP006865"
"2565","EA009307"
"2566","MT000050"
"2567","JP003075"
"2568","EA260356"
"2569","BML80622"
"2570","UT002764"
"2571","JP001093"
"2572","KO004249"
"2573","JP008089"
"2574","JP008079"
"2575","EQ358101"
"2576","OUF00256"
"2577","EA020911"
"2578","JP002370"
"2579","JP011157"
"2580","EA029657"
"2581","JP010461"
"2582","JP002597"
"2583","EA034107"
"2584","EA030859"
"2585","JP009168"
"2586","JP011809"
"2587","BML01505"
"2588","EA029212"
"2589","KO000958"
"2590","EQ284206"
"2591","EA266662"
"2592","JP000663"
"2593","JP007090"
"2594","JP006684"
"2595","JP002186"
"2596","JP003595"
"2597","NU000499"
"2598","EA294901"
"2599","EQ279106"
"2600","EA012206"
"2601","JP011076"
"2602","EQ356204"
"2603","JP011683"
"2604","KO000326"
"2605","EA277006"
"2606","EA264904"
"2607","JP010163"
"2608","KNA00043"
"2609","EQ358607"
"2610","JP002441"
"2611","KO001608"
"2612","KO001028"
"2613","EA280804"
"2614","KO002762"
"2615","EA294308"
"2616","EA064408"
"2617","EA034013"
"2618","EA032801"
"2619","BML00218"
"2620","KO008820"
"2621","BML81950"
"2622","JP010209"
"2623","AU202302"
"2624","JP009103"
"2625","JP011206"
"2626","JP009027"
"2627","KO009216"
"2628","EA029654"
"2629","EA278314"
"2630","JP007263"
"2631","JP001055"
"2632","KO003628"
"2633","BML81362"
"2634","KO001177"
"2635","JP011375"
"2636","EA294912"
"2637","EA020451"
"2638","EA281351"
"2639","TUE00532"
"2640","JP008107"
"2641","EA264908"
"2642","FFF00091"
"2643","UT001591"
"2644","JP010813"
"2645","EQ361551"
"2646","JP011706"
"2647","EA066912"
"2648","OUF00186"
"2649","JP006654"
"2650","KNA00576"
"2651","BML80887"
"2652","BML80258"
"2653","JP000779"
"2654","EQ325155"
"2655","EQ014258"
"2656","CE000483"
"2657","EA025854"
"2658","BML01751"
"2659","UF404801"
"2660","PB000399"
"2661","EA009504"
"2662","BML80255"
"2663","UF402803"
"2664","KO000161"
"2665","KO004279"
"2666","KO003690"
"2667","KO000573"
"2668","JP004690"
"2669","EQ362002"
"2670","EA284109"
"2671","JP011230"
"2672","UF415003"
"2673","UT002411"
"2674","EQ279509"
"2675","AU338801"
"2676","JP009258"
"2677","EA006903"
"2678","KO000085"
"2679","EQ306952"
"2680","EQ328103"
"2681","EQ371153"
"2682","JP010900"
"2683","KO009234"
"2684","EA295255"
"2685","EA007105"
"2686","AU201902"
"2687","JP012025"
"2688","EQ318302"
"2689","JP011886"
"2690","EQ332454"
"2691","UF404702"
"2692","PB000781"
"2693","BML00921"
"2694","BML01388"
"2695","UT002949"
"2696","JP003835"
"2697","JP002074"
"2698","JP001735"
"2699","EQ323854"
"2700","EA273851"
"2701","JP002982"
"2702","EA282711"
"2703","BML00801"
"2704","OUF00067"
"2705","MT000136"
"2706","JP003372"
"2707","NU000124"
"2708","KO004093"
"2709","OUF00073"
"2710","OUF00065"
"2711","JP006664"
"2712","JP000819"
"2713","PR100776"
"2714","KO001401"
"2715","BML00910"
"2716","JP003883"
"2717","KNA00488"
"2718","KO002505"
"2719","JP006824"
"2720","JP001346"
"2721","BML00903"
"2722","FFF00093"
"2723","CE000399"
"2724","UT001534"
"2725","EA029003"
"2726","BML01428"
"2727","OUF00218"
"2728","JP004255"
"2729","EA273256"
"2730","EA295602"
"2731","EA008610"
"2732","JP001669"
"2733","KO003763"
"2734","BML81172"
"2735","EA032656"
"2736","BML00945"
"2737","EQ366853"
"2738","CO000344"
"2739","EA277614"
"2740","BML01239"
"2741","JP007395"
"2742","BML01715"
"2743","JP000820"
"2744","JP009623"
"2745","JP003790"
"2746","JP004702"
"2747","JP004523"
"2748","JP012264"
"2749","UT000179"
"2750","UT002595"
"2751","EQ327856"
"2752","JP001589"
"2753","BML00117"
"2754","JP000064"
"2755","JP011638"
"2756","JP007258"
"2757","OUF00127"
"2758","JP005065"
"2759","PB004102"
"2760","JP001610"
"2761","UT001108"
"2762","EA277807"
"2763","JP007858"
"2764","NU000228"
"2765","EA261009"
"2766","EQ318256"
"2767","PR010225"
"2768","SM878603"
"2769","EA263703"
"2770","UT000040"
"2771","JP000773"
"2772","UT001688"
"2773","MSJ00044"
"2774","FFF00419"
"2775","JP012254"
"2776","EA281901"
"2777","JP000258"
"2778","AU201405"
"2779","JP006880"
"2780","PR010230"
"2781","JP003520"
"2782","EQ312052"
"2783","FIO00022"
"2784","EA016609"
"2785","EA294309"
"2786","JP002749"
"2787","KO003845"
"2788","PR100639"
"2789","EQ330454"
"2790","JP003575"
"2791","EA273957"
"2792","BML00341"
"2793","JEL00015"
"2794","JP007902"
"2795","JP007889"
"2796","JP004214"
"2797","EQ362806"
"2798","EQ311705"
"2799","EQ312601"
"2800","CE000279"
"2801","AU201303"
"2802","JP006756"
"2803","JP004011"
"2804","BML81605"
"2805","KO008841"
"2806","KO000477"
"2807","JP004952"
"2808","AU205801"
"2809","KO001791"
"2810","EA294510"
"2811","PR040245"
"2812","CA000076"
"2813","PB006002"
"2814","JP004263"
"2815","KNA00149"
"2816","KO003736"
"2817","PR040243"
"2818","JP010685"
"2819","SM812904"
"2820","PR040257"
"2821","JP006571"
"2822","EA025906"
"2823","UT002097"
"2824","AU152606"
"2825","EQ306502"
"2826","CE000156"
"2827","UT001584"
"2828","JP007252"
"2829","EA009612"
"2830","NU000488"
"2831","GLS00151"
"2832","JP007487"
"2833","JP011058"
"2834","UT001945"
"2835","JP011790"
"2836","UT002832"
"2837","BML00426"
"2838","JP003663"
"2839","SM811901"
"2840","UT000517"
"2841","JP010142"
"2842","CE000537"
"2843","OUF00042"
"2844","UT002659"
"2845","JP004346"
"2846","JP012166"
"2847","JP011895"
"2848","JP008674"
"2849","FIO00088"
"2850","EA065955"
"2851","KO000670"
"2852","EQ358405"
"2853","JP002207"
"2854","EQ327704"
"2855","EA016158"
"2856","EA011605"
"2857","EA012507"
"2858","EA024559"
"2859","EA010410"
"2860","JP004272"
"2861","KO000795"
"2862","JP000585"
"2863","CE000418"
"2864","UF423253"
"2865","EA024805"
"2866","KO008913"
"2867","AU107705"
"2868","KO002789"
"2869","JP000714"
"2870","KO003710"
"2871","JP011986"
"2872","JP006604"
"2873","UT000362"
"2874","UF412102"
"2875","EQ317402"
"2876","KO000296"
"2877","EQ324301"
"2878","FFF00168"
"2879","JP004117"
"2880","JP007747"
"2881","AU203102"
"2882","JP010499"
"2883","KNA00447"
"2884","KO000608"
"2885","KO003187"
"2886","PB002203"
"2887","BML01833"
"2888","EA000464"
"2889","EQ364507"
"2890","CE000496"
"2891","EA066109"
"2892","JP000129"
"2893","JP004103"
"2894","PR010028"
"2895","EQ361107"
"2896","PB001329"
"2897","EA002455"
"2898","CE000393"
"2899","KO003583"
"2900","EA261002"
"2901","KO002214"
"2902","EQ310856"
"2903","EA029952"
"2904","EQ309052"
"2905","EQ318605"
"2906","JP000478"
"2907","JP004253"
"2908","CE000335"
"2909","JP011044"
"2910","EQ362009"
"2911","EA029408"
"2912","PR040169"
"2913","JP005096"
"2914","JP004134"
"2915","UT000151"
"2916","EA292309"
"2917","EA267505"
"2918","EA278011"
"2919","UT002335"
"2920","UT002938"
"2921","KO000974"
"2922","UT003107"
"2923","GLS00060"
"2924","EA026563"
"2925","CE000451"
"2926","EA013908"
"2927","JP000440"
"2928","EA293705"
"2929","EA015661"
"2930","CE000372"
"2931","UT000544"
"2932","FIO00268"
"2933","JP011858"
"2934","CO000391"
"2935","AU211803"
"2936","PB006181"
"2937","BML01576"
"2938","OUF00416"
"2939","JP007010"
"2940","AU110605"
"2941","EA026502"
"2942","EA293614"
"2943","PB000320"
"2944","EA270501"
"2945","EQ324004"
"2946","JP003949"
"2947","KNA00741"
"2948","JP009503"
"2949","JP004579"
"2950","EA255553"
"2951","JP010666"
"2952","JP006216"
"2953","UT002278"
"2954","BML81542"
"2955","PR010022"
"2956","EA273953"
"2957","EQ361804"
"2958","FFF00207"
"2959","JP009412"
"2960","UT001557"
"2961","JP008959"
"2962","PR100389"
"2963","PR040195"
"2964","BML01190"
"2965","JP001529"
"2966","EQ303022"
"2967","KO002144"
"2968","KO000043"
"2969","JP008354"
"2970","BML00626"
"2971","EA280556"
"2972","KO001386"
"2973","JP001571"
"2974","KO009223"
"2975","KO002228"
"2976","OUF00494"
"2977","UT001651"
"2978","CO000435"
"2979","KO003619"
"2980","JP006889"
"2981","PB000468"
"2982","FIO00542"
"2983","JP001319"
"2984","EA019657"
"2985","EQ362203"
"2986","EQ302151"
"2987","JP002264"
"2988","AU373802"
"2989","UT003174"
"2990","KO001428"
"2991","UF400602"
"2992","EA280811"
"2993","JP004355"
"2994","JP010881"
"2995","UF416204"
"2996","FIO00498"
"2997","BML00134"
"2998","JP007878"
"2999","KO001173"
"3000","CO000305"
"3001","EA277064"
"3002","AU160802"
"3003","KNA00727"
"3004","UT002037"
"3005","EA020306"
"3006","EQ326205"
"3007","JP004019"
"3008","EA253557"
"3009","JP005381"
"3010","UT001417"
"3011","PR010150"
"3012","BML00592"
"3013","BML82313"
"3014","UT002622"
"3015","MT000077"
"3016","KO008879"
"3017","JP000882"
"3018","EA024803"
"3019","JP012101"
"3020","JP000745"
"3021","PB006010"
"3022","JP003706"
"3023","BML00396"
"3024","NU000014"
"3025","EA029208"
"3026","JP006734"
"3027","EA032714"
"3028","JP009836"
"3029","EQ310656"
"3030","JP007306"
"3031","EQ361553"
"3032","KO001296"
"3033","EA274351"
"3034","EQ317753"
"3035","JP001420"
"3036","KO003766"
"3037","EQ027809"
"3038","KO000504"
"3039","KO002335"
"3040","JP010973"
"3041","EA005855"
"3042","JP009663"
"3043","EA277209"
"3044","EA295006"
"3045","EQ368102"
"3046","JP005436"
"3047","JP000768"
"3048","KO001195"
"3049","JP009923"
"3050","KNA00772"
"3051","EQ325204"
"3052","JP003763"
"3053","UT001190"
"3054","KO001050"
"3055","BML01856"
"3056","EA030507"
"3057","KNA00040"
"3058","JP004937"
"3059","AU387301"
"3060","JP011776"
"3061","JP004528"
"3062","CA000154"
"3063","EA066509"
"3064","EA277909"
"3065","NU000151"
"3066","KZ000230"
"3067","KO001397"
"3068","UPA00023"
"3069","EQ368258"
"3070","KO008892"
"3071","EQ347102"
"3072","EA293951"
"3073","EQ300705"
"3074","JP000332"
"3075","JP001625"
"3076","KO001988"
"3077","JP005856"
"3078","AU207402"
"3079","EA010064"
"3080","EA027502"
"3081","EA029956"
"3082","KO001301"
"3083","KO001779"
"3084","EA013862"
"3085","BML00528"
"3086","PR010187"
"3087","KO001907"
"3088","JP009277"
"3089","PR100695"
"3090","JP005125"
"3091","PR100716"
"3092","EQ309601"
"3093","SM883551"
"3094","EA253656"
"3095","EA029310"
"3096","KO001022"
"3097","JP001246"
"3098","JP009512"
"3099","JP001783"
"3100","PR100076"
"3101","UF405504"
"3102","JP005845"
"3103","JP006478"
"3104","EQ309954"
"3105","KNA00748"
"3106","EQ307205"
"3107","EA295811"
"3108","JP010977"
"3109","JP011919"
"3110","EA012851"
"3111","EA277204"
"3112","KZ000263"
"3113","JP007891"
"3114","JP000939"
"3115","CE000389"
"3116","NU000351"
"3117","JP004926"
"3118","JP007786"
"3119","AU116101"
"3120","KO003252"
"3121","UT001226"
"3122","JP011079"
"3123","JP010426"
"3124","EA027056"
"3125","UF403804"
"3126","EA021208"
"3127","JP009335"
"3128","PR100587"
"3129","EA034407"
"3130","PR100955"
"3131","JP003183"
"3132","BML82350"
"3133","JP000031"
"3134","TY000221"
"3135","BML80416"
"3136","KO003564"
"3137","EA277001"
"3138","JP012132"
"3139","KO002607"
"3140","KO001780"
"3141","FU000292"
"3142","UF410552"
"3143","EQ301702"
"3144","CA000168"
"3145","JP004827"
"3146","JP009381"
"3147","EA026759"
"3148","JP002159"
"3149","EQ357107"
"3150","KO000113"
"3151","NU000359"
"3152","JP009144"
"3153","JP006877"
"3154","KO003969"
"3155","EQ318501"
"3156","JP007566"
"3157","EA029303"
"3158","KO001205"
"3159","KO002734"
"3160","EQ363554"
"3161","JP006609"
"3162","JP009549"
"3163","JP001347"
"3164","JP004770"
"3165","EQ359302"
"3166","BML01839"
"3167","EQ326555"
"3168","JP012119"
"3169","EQ327307"
"3170","JP000215"
"3171","JP005206"
"3172","NU000518"
"3173","JP005051"
"3174","JP006723"
"3175","UT000254"
"3176","KO002136"
"3177","JP003170"
"3178","EA005206"
"3179","EQ027107"
"3180","BML00996"
"3181","EA023114"
"3182","EA066311"
"3183","EQ323806"
"3184","EA294712"
"3185","UF410603"
"3186","KO002062"
"3187","CO000482"
"3188","KO002538"
"3189","KO001222"
"3190","JP009762"
"3191","EA260304"
"3192","FIO00367"
"3193","UT003170"
"3194","UF420652"
"3195","JP006774"
"3196","NU000181"
"3197","SM808501"
"3198","KO002290"
"3199","EQ329304"
"3200","KO004146"
"3201","JP009846"
"3202","JP005641"
"3203","CE000493"
"3204","UF400303"
"3205","EQ301251"
"3206","EQ346355"
"3207","EA271210"
"3208","EA293814"
"3209","CO000019"
"3210","PR100677"
"3211","KO001140"
"3212","EA282804"
"3213","EA274308"
"3214","TY000023"
"3215","BML00914"
"3216","EQ309051"
"3217","EQ371155"
"3218","MT000075"
"3219","JP005147"
"3220","JP010361"
"3221","EA066556"
"3222","KO002556"
"3223","JP002118"
"3224","JP007287"
"3225","JP001706"
"3226","EA070701"
"3227","KO003053"
"3228","JP005457"
"3229","JP007492"
"3230","EQ337503"
"3231","UT002267"
"3232","KZ000033"
"3233","SM801001"
"3234","JP000049"
"3235","KO008921"
"3236","JP010580"
"3237","OUF00425"
"3238","KO003759"
"3239","PR100720"
"3240","CE000208"
"3241","EQ321007"
"3242","KO002696"
"3243","JP002901"
"3244","EQ310302"
"3245","KO001977"
"3246","EA067363"
"3247","JP010212"
"3248","PR020165"
"3249","JP007992"
"3250","EA034003"
"3251","PB005842"
"3252","PR100755"
"3253","SM870403"
"3254","JP000184"
"3255","EQ303804"
"3256","EQ317602"
"3257","EQ330851"
"3258","CA000090"
"3259","EQ319951"
"3260","CE000007"
"3261","JP000077"
"3262","KO002352"
"3263","UF409353"
"3264","MSJ00018"
"3265","JP001586"
"3266","KO000599"
"3267","KO002110"
"3268","JP000776"
"3269","JP005033"
"3270","AU112954"
"3271","JP010180"
"3272","JP010971"
"3273","JP002536"
"3274","AU200104"
"3275","KO001123"
"3276","JP008231"
"3277","EA026656"
"3278","JP004772"
"3279","EA067103"
"3280","KO008919"
"3281","PB000490"
"3282","JP003797"
"3283","EQ328703"
"3284","JP006208"
"3285","UT002589"
"3286","JP004262"
"3287","KO008920"
"3288","PB006145"
"3289","PR100823"
"3290","JP007916"
"3291","JP006825"
"3292","KO000052"
"3293","JP005084"
"3294","BML81131"
"3295","EQ301901"
"3296","JP001881"
"3297","EA282214"
"3298","JP004576"
"3299","JP001255"
"3300","UT003046"
"3301","KNA00222"
"3302","JP007432"
"3303","EA015659"
"3304","PB005803"
"3305","OUF00465"
"3306","EQ371605"
"3307","EA006712"
"3308","GLS00078"
"3309","BML01434"
"3310","EQ326457"
"3311","EQ344604"
"3312","FIO00322"
"3313","JP008998"
"3314","ML001751"
"3315","BML80547"
"3316","TUE00346"
"3317","TY000156"
"3318","EA025514"
"3319","PR100842"
"3320","FIO00177"
"3321","UT000326"
"3322","NU000112"
"3323","JP003367"
"3324","KO000205"
"3325","OUF00091"
"3326","UF422953"
"3327","UT000037"
"3328","AU120701"
"3329","KO000538"
"3330","JP003173"
"3331","EQ329404"
"3332","JP000579"
"3333","EQ363208"
"3334","KO002956"
"3335","EA016253"
"3336","EA011707"
"3337","JP001280"
"3338","FIO00194"
"3339","BML01264"
"3340","EA084504"
"3341","OUF00345"
"3342","CA000047"
"3343","BML00208"
"3344","KO000226"
"3345","UT003168"
"3346","JP006042"
"3347","EA091608"
"3348","KNA00571"
"3349","EA298607"
"3350","BML80947"
"3351","JP007084"
"3352","KO000327"
"3353","KZ000041"
"3354","EA270907"
"3355","JP005604"
"3356","JP007215"
"3357","EQ331906"
"3358","JP010453"
"3359","KO001759"
"3360","KO002467"
"3361","EA025351"
"3362","KZ000174"
"3363","UT000221"
"3364","JP003614"
"3365","JP000493"
"3366","EQ306956"
"3367","KO003916"
"3368","EA029909"
"3369","UF405203"
"3370","EQ280706"
"3371","KO002808"
"3372","MT000031"
"3373","JP010867"
"3374","EA026164"
"3375","EQ371001"
"3376","BML01440"
"3377","UF418102"
"3378","JP007193"
"3379","AU201705"
"3380","FIO00128"
"3381","EA070604"
"3382","AU108202"
"3383","EQ360555"
"3384","KO002421"
"3385","EA027759"
"3386","JP006566"
"3387","JP005661"
"3388","EA008408"
"3389","JP006659"
"3390","EA065360"
"3391","BML01303"
"3392","UF400504"
"3393","JP005156"
"3394","OUF00213"
"3395","FIO00179"
"3396","JP005964"
"3397","PB000522"
"3398","JP006523"
"3399","KO002453"
"3400","JP004234"
"3401","JP008469"
"3402","UF420102"
"3403","TUE00147"
"3404","CO000098"
"3405","JP002410"
"3406","JP011478"
"3407","AU150002"
"3408","TT000131"
"3409","JP002721"
"3410","FIO00360"
"3411","JP010546"
"3412","FIO00183"
"3413","UT000305"
"3414","EA026161"
"3415","JP008929"
"3416","JP011372"
"3417","KO001265"
"3418","PR100432"
"3419","JP002337"
"3420","JP005056"
"3421","EQ369701"
"3422","EA030108"
"3423","JP006501"
"3424","JP010310"
"3425","KO002017"
"3426","EA298608"
"3427","JP001480"
"3428","UF416503"
"3429","JP007548"
"3430","JP003777"
"3431","PR100337"
"3432","KO002518"
"3433","JP000654"
"3434","JP006703"
"3435","EQ342001"
"3436","OUF00083"
"3437","JP010658"
"3438","BML00549"
"3439","JP004822"
"3440","JP007180"
"3441","JP008527"
"3442","FFF00098"
"3443","JP006368"
"3444","JP009190"
"3445","EA027703"
"3446","KO002105"
"3447","JP008189"
"3448","KO000692"
"3449","JP006339"
"3450","EA034112"
"3451","CO000139"
"3452","KO003701"
"3453","JP009739"
"3454","UT001652"
"3455","KO001899"
"3456","FFF00276"
"3457","AU121404"
"3458","KO004019"
"3459","EQ370305"
"3460","EA024911"
"3461","EA012803"
"3462","EA280261"
"3463","KO009127"
"3464","EA016258"
"3465","KNA00559"
"3466","EQ340304"
"3467","AU223002"
"3468","EQ368905"
"3469","EA292453"
"3470","UT002495"
"3471","OUF00323"
"3472","KO000195"
"3473","KNA00250"
"3474","JP007947"
"3475","PR100404"
"3476","JP012075"
"3477","EA277856"
"3478","UT000316"
"3479","KO000716"
"3480","EA017113"
"3481","JP004660"
"3482","JP001646"
"3483","JP004487"
"3484","JP003845"
"3485","JP012000"
"3486","JP005107"
"3487","EQ359555"
"3488","KO002782"
"3489","KO003714"
"3490","PR100589"
"3491","EQ301951"
"3492","EA292504"
"3493","KO008943"
"3494","JP010481"
"3495","JP007577"
"3496","JP012295"
"3497","AU111304"
"3498","JP006951"
"3499","EQ359208"
"3500","JP008215"
"3501","JP004854"
"3502","JP009066"
"3503","UF410002"
"3504","EQ324451"
"3505","KO002839"
"3506","EQ326451"
"3507","JP011399"
"3508","EQ284506"
"3509","FFF00237"
"3510","OUF00181"
"3511","BML01023"
"3512","KO000634"
"3513","KO000678"
"3514","EA298652"
"3515","UF411802"
"3516","PR100799"
"3517","JP000218"
"3518","JP004284"
"3519","KO002183"
"3520","JP006004"
"3521","UT001038"
"3522","EA030510"
"3523","UT001244"
"3524","JP011562"
"3525","EA015112"
"3526","PR100564"
"3527","JP005706"
"3528","KO000154"
"3529","KO002552"
"3530","KO009275"
"3531","EQ320703"
"3532","TY000233"
"3533","CE000410"
"3534","EA277913"
"3535","EQ309955"
"3536","CA000148"
"3537","EQ327859"
"3538","JP010302"
"3539","PR100768"
"3540","AU211505"
"3541","JP006777"
"3542","KO000818"
"3543","JP000848"
"3544","EQ362205"
"3545","KZ000197"
"3546","EA070210"
"3547","AU208502"
"3548","EQ305351"
"3549","JP008711"
"3550","EQ022905"
"3551","PB005784"
"3552","JP001033"
"3553","AU200605"
"3554","JP008361"
"3555","UF420704"
"3556","KO000199"
"3557","UT000102"
"3558","PR100821"
"3559","JP010260"
"3560","EQ279508"
"3561","PR100141"
"3562","UT001816"
"3563","UT000019"
"3564","JP011350"
"3565","PB005785"
"3566","EQ366852"
"3567","AU400104"
"3568","EQ304553"
"3569","MT000055"
"3570","JP001559"
"3571","UF403803"
"3572","JP010679"
"3573","JEL00040"
"3574","EQ310206"
"3575","MT000070"
"3576","CA000057"
"3577","KO002463"
"3578","EA070905"
"3579","JP005231"
"3580","SM860801"
"3581","KO002863"
"3582","JP010916"
"3583","JP011733"
"3584","FIO00293"
"3585","KO004247"
"3586","EA000412"
"3587","KO001855"
"3588","KO001058"
"3589","BML81022"
"3590","JP005848"
"3591","JP006012"
"3592","EA295705"
"3593","JP001432"
"3594","EQ302703"
"3595","SM884302"
"3596","EA005802"
"3597","UF423852"
"3598","EQ300504"
"3599","PB000530"
"3600","JP009581"
"3601","EA278905"
"3602","JP002223"
"3603","JP006139"
"3604","JP005306"
"3605","JP005822"
"3606","PR100610"
"3607","JP006294"
"3608","JP010756"
"3609","JP002847"
"3610","EA070112"
"3611","JP001469"
"3612","EQ279556"
"3613","JP005378"
"3614","JP002728"
"3615","JP001287"
"3616","CO000282"
"3617","EQ358605"
"3618","AU206102"
"3619","EA012961"
"3620","JP002365"
"3621","JP001815"
"3622","JP004414"
"3623","UF419704"
"3624","KO001570"
"3625","CO000066"
"3626","CA000071"
"3627","JP011672"
"3628","EQ321008"
"3629","JP007897"
"3630","JP009000"
"3631","CE000362"
"3632","KO000031"
"3633","JP008444"
"3634","EA270106"
"3635","KO002177"
"3636","JP001671"
"3637","KO009318"
"3638","OUF00488"
"3639","PR010074"
"3640","JP009974"
"3641","JP000574"
"3642","JP003944"
"3643","CO000414"
"3644","BML00315"
"3645","JP001824"
"3646","JP002451"
"3647","UT001505"
"3648","PR101002"
"3649","EA034755"
"3650","KO004171"
"3651","JP010724"
"3652","EA256113"
"3653","JP009048"
"3654","UT000106"
"3655","EA005209"
"3656","JP008416"
"3657","EA281511"
"3658","JP005423"
"3659","JP009575"
"3660","EA067206"
"3661","UT001697"
"3662","NU000337"
"3663","OUF00220"
"3664","OUF00125"
"3665","EQ345603"
"3666","SM873901"
"3667","UT002038"
"3668","CA000178"
"3669","KNA00402"
"3670","KO003553"
"3671","JP008766"
"3672","JP001810"
"3673","KO003312"
"3674","AU114703"
"3675","EA029902"
"3676","EQ328506"
"3677","JP010395"
"3678","JP009016"
"3679","KNA00449"
"3680","EQ363703"
"3681","KO000214"
"3682","JP012324"
"3683","JP010382"
"3684","FIO00024"
"3685","JP004629"
"3686","UT002471"
"3687","JP001407"
"3688","JP008837"
"3689","KZ000036"
"3690","JP001749"
"3691","JP001075"
"3692","JP001564"
"3693","EQ359008"
"3694","JP009269"
"3695","JP000625"
"3696","EA027701"
"3697","EQ285353"
"3698","JP001392"
"3699","UF415704"
"3700","TY000232"
"3701","SM880301"
"3702","EQ302405"
"3703","EA285507"
"3704","EQ290009"
"3705","JP002513"
"3706","AU200302"
"3707","CE000296"
"3708","EQ317754"
"3709","KO000680"
"3710","EQ362754"
"3711","KO003022"
"3712","UT002972"
"3713","PB000128"
"3714","KZ000044"
"3715","JP004388"
"3716","KO003100"
"3717","JP005444"
"3718","UT002342"
"3719","UT000199"
"3720","SM808801"
"3721","KZ000226"
"3722","CO000292"
"3723","TUE00665"
"3724","EQ363104"
"3725","KO004202"
"3726","JP006192"
"3727","JP009047"
"3728","EA294361"
"3729","KZ000046"
"3730","JP001278"
"3731","KO009304"
"3732","AU157406"
"3733","UF406004"
"3734","EQ307605"
"3735","JP004486"
"3736","EA070801"
"3737","JP010202"
"3738","EA066706"
"3739","EQ356256"
"3740","PR100024"
"3741","EA261055"
"3742","JP006389"
"3743","EQ321009"
"3744","PR100005"
"3745","KO008836"
"3746","UT002436"
"3747","KO009198"
"3748","KO002369"
"3749","SM878353"
"3750","KO009229"
"3751","EQ360055"
"3752","PR100220"
"3753","EA024713"
"3754","OUF00410"
"3755","UT001487"
"3756","EA025864"
"3757","EA017058"
"3758","MT000146"
"3759","AU303604"
"3760","CO000099"
"3761","BML00274"
"3762","UT000017"
"3763","EQ033508"
"3764","EA258311"
"3765","FFF00256"
"3766","JP007887"
"3767","EA066808"
"3768","EA295802"
"3769","AU355605"
"3770","KO003511"
"3771","KO000954"
"3772","UT002153"
"3773","EQ361755"
"3774","AU382503"
"3775","KO002885"
"3776","EA017111"
"3777","KO003607"
"3778","KO004219"
"3779","JP011007"
"3780","AU101852"
"3781","EA030102"
"3782","JP010206"
"3783","JP004070"
"3784","PR101003"
"3785","KO002866"
"3786","PR100965"
"3787","JP010137"
"3788","JP008911"
"3789","EQ369653"
"3790","JP006483"
"3791","JP008273"
"3792","KO002216"
"3793","EA011807"
"3794","NU000367"
"3795","CA000010"
"3796","EA064404"
"3797","EA268202"
"3798","KO002400"
"3799","JP006376"
"3800","EA009703"
"3801","KO004239"
"3802","JP002515"
"3803","EQ348759"
"3804","JP009772"
"3805","JP001612"
"3806","EA070657"
"3807","JP003644"
"3808","KO002409"
"3809","PR040049"
"3810","JP000791"
"3811","KO002981"
"3812","JP008768"
"3813","JP000667"
"3814","EQ367552"
"3815","JP009902"
"3816","AU209455"
"3817","EA281912"
"3818","BML00708"
"3819","EQ302803"
"3820","PR040244"
"3821","JP004853"
"3822","BML00948"
"3823","SM821703"
"3824","JP003877"
"3825","JP004844"
"3826","EA293813"
"3827","SM854601"
"3828","PB000501"
"3829","EQ310503"
"3830","JP009723"
"3831","JP011936"
"3832","JP001395"
"3833","UPA00014"
"3834","KNA00710"
"3835","JP006479"
"3836","BML81815"
"3837","GLS00160"
"3838","PR101025"
"3839","EQ367559"
"3840","BML01669"
"3841","JP002516"
"3842","JP008373"
"3843","JP001624"
"3844","BML01514"
"3845","CO000014"
"3846","KO001240"
"3847","SM837901"
"3848","UT000083"
"3849","EQ365209"
"3850","FIO00162"
"3851","CO000328"
"3852","EQ318251"
"3853","JP006617"
"3854","JP012032"
"3855","EQ371607"
"3856","EQ314402"
"3857","EQ368759"
"3858","EA005205"
"3859","EA277603"
"3860","TUE00155"
"3861","EA026064"
"3862","KO003483"
"3863","EQ356109"
"3864","JP002959"
"3865","PR100951"
"3866","JP006776"
"3867","UT000186"
"3868","PB001483"
"3869","EQ027101"
"3870","EQ359809"
"3871","JP011799"
"3872","JP003082"
"3873","JP001308"
"3874","EA299204"
"3875","KO001747"
"3876","JP002382"
"3877","FFF00115"
"3878","EA019009"
"3879","BML00724"
"3880","MSJ00038"
"3881","EQ366506"
"3882","EQ316906"
"3883","JP005506"
"3884","AU158304"
"3885","EA290308"
"3886","EQ367806"
"3887","EQ290005"
"3888","JP004120"
"3889","FFF00415"
"3890","KO003030"
"3891","EA028506"
"3892","UT001619"
"3893","BML01806"
"3894","UT001093"
"3895","EQ339808"
"3896","ML000251"
"3897","JP000279"
"3898","KO003843"
"3899","JP012270"
"3900","UT001217"
"3901","JP001568"
"3902","JP010761"
"3903","CA000087"
"3904","KO002814"
"3905","EQ306302"
"3906","EA005211"
"3907","JP008748"
"3908","EQ327855"
"3909","UT002240"
"3910","UPA00013"
"3911","EA018304"
"3912","JP012135"
"3913","JP007209"
"3914","JP002780"
"3915","JP011236"
"3916","CE000267"
"3917","PR020096"
"3918","EA013410"
"3919","UT002488"
"3920","JP002550"
"3921","BML80502"
"3922","CO000335"
"3923","JP002839"
"3924","JP002526"
"3925","EA025761"
"3926","KO008897"
"3927","BML00030"
"3928","JP005385"
"3929","MSJ00014"
"3930","UF408203"
"3931","JP004633"
"3932","PR100273"
"3933","EQ302005"
"3934","EA267514"
"3935","KO002380"
"3936","EQ346002"
"3937","EQ334404"
"3938","EQ331204"
"3939","PR040007"
"3940","KO003041"
"3941","AU339005"
"3942","JP011342"
"3943","JP011929"
"3944","EA289814"
"3945","FFF00065"
"3946","BML80182"
"3947","EA034609"
"3948","EQ371603"
"3949","KO000447"
"3950","KNA00079"
"3951","EQ301155"
"3952","KO001904"
"3953","JP006908"
"3954","EA020955"
"3955","JP010894"
"3956","PB000221"
"3957","KO009024"
"3958","PR100666"
"3959","EA026212"
"3960","KO002535"
"3961","JP004600"
"3962","EA294411"
"3963","EA025801"
"3964","CA000033"
"3965","JP012168"
"3966","EA255561"
"3967","KO001866"
"3968","KO003634"
"3969","PR100287"
"3970","JP004478"
"3971","JP007035"
"3972","KO009129"
"3973","EA025908"
"3974","BML00339"
"3975","FFF00144"
"3976","BML00203"
"3977","EA012952"
"3978","MT000022"
"3979","JP001142"
"3980","PR020014"
"3981","JP012123"
"3982","OUF00170"
"3983","JP006210"
"3984","KO001508"
"3985","BML00644"
"3986","JP007014"
"3987","EA273252"
"3988","EQ346107"
"3989","EA013054"
"3990","JP004375"
"3991","KZ000249"
"3992","BML00241"
"3993","KO003851"
"3994","JP009357"
"3995","JP011942"
"3996","EQ303905"
"3997","UF407353"
"3998","JP003691"
"3999","EQ305802"
"4000","JP012141"
"4001","JP003132"
"4002","UT000078"
"4003","KO009132"
"4004","EA000451"
"4005","EA286111"
"4006","GLS00178"
"4007","EQ372254"
"4008","UO000024"
"4009","JP004513"
"4010","JP000959"
"4011","FIO00562"
"4012","PB000492"
"4013","BML81957"
"4014","UT001379"
"4015","JP005941"
"4016","JP000771"
"4017","JP011975"
"4018","EQ330856"
"4019","UF423452"
"4020","PB000444"
"4021","PR100569"
"4022","EQ357103"
"4023","KO003088"
"4024","JP007293"
"4025","MT000132"
"4026","JP004559"
"4027","JP003122"
"4028","JP007586"
"4029","EQ302801"
"4030","KO001727"
"4031","EQ349107"
"4032","KO000549"
"4033","JP007756"
"4034","EA298610"
"4035","EA278303"
"4036","JP003088"
"4037","OUF00191"
"4038","FIO00037"
"4039","KO001351"
"4040","JP005932"
"4041","JP000389"
"4042","EQ359001"
"4043","UF417501"
"4044","EA280911"
"4045","KO000961"
"4046","JP002581"
"4047","JP000884"
"4048","PB000505"
"4049","JP000969"
"4050","FFF00053"
"4051","JP004536"
"4052","JP002068"
"4053","JP011489"
"4054","EA012806"
"4055","KO002444"
"4056","KO004053"
"4057","EQ365904"
"4058","EQ306404"
"4059","EA019604"
"4060","EA067260"
"4061","KO002319"
"4062","KO001532"
"4063","BML01174"
"4064","KO002599"
"4065","BML00126"
"4066","EA273153"
"4067","JP008344"
"4068","JP001598"
"4069","JP008702"
"4070","JP010003"
"4071","EQ364508"
"4072","EA256658"
"4073","JP005120"
"4074","JP008027"
"4075","GLS00165"
"4076","UT001080"
"4077","JP009616"
"4078","BML01812"
"4079","KO001170"
"4080","KO002647"
"4081","BML01227"
"4082","JP004514"
"4083","JP008853"
"4084","JP011580"
"4085","JP012188"
"4086","JP001039"
"4087","GLS00056"
"4088","KO000699"
"4089","JP009086"
"4090","NU000492"
"4091","KO001456"
"4092","PR100315"
"4093","JP000101"
"4094","CE000633"
"4095","PR100206"
"4096","JP002960"
"4097","JP004203"
"4098","EA019901"
"4099","KO001312"
"4100","EQ363607"
"4101","AU205904"
"4102","JP007587"
"4103","JP001919"
"4104","OUF00423"
"4105","JEL00006"
"4106","EA018351"
"4107","UT001927"
"4108","KNA00670"
"4109","JP003492"
"4110","EQ362903"
"4111","KO001299"
"4112","JP002623"
"4113","UT002224"
"4114","JP006288"
"4115","JP000880"
"4116","JP009684"
"4117","CE000465"
"4118","JP001151"
"4119","JP009411"
"4120","JP001356"
"4121","KO001129"
"4122","JP007248"
"4123","JP011965"
"4124","BML80468"
"4125","TUE00343"
"4126","KO001698"
"4127","KO002080"
"4128","FIO00432"
"4129","UF408604"
"4130","EQ371103"
"4131","EQ320004"
"4132","FIO00121"
"4133","KO002658"
"4134","UT000116"
"4135","UT002658"
"4136","EQ317854"
"4137","EQ363305"
"4138","JP000045"
"4139","EQ330451"
"4140","EA019208"
"4141","EQ328605"
"4142","JP009713"
"4143","EA285211"
"4144","EA032851"
"4145","KO002129"
"4146","KNA00232"
"4147","UT001857"
"4148","BML00031"
"4149","JP008414"
"4150","PR100995"
"4151","JP004680"
"4152","KO000571"
"4153","MT000080"
"4154","JP006789"
